Daily activity on Wed Sep 24 12:48:48 UTC 2025
Daily activity on Thu Sep 25 06:24:30 UTC 2025
Daily activity on Fri Sep 26 06:23:21 UTC 2025
Daily activity on Sat Sep 27 06:19:59 UTC 2025
Daily activity on Sun Sep 28 06:21:19 UTC 2025
Daily activity on Mon Sep 29 06:25:08 UTC 2025
Daily activity on Tue Sep 30 06:24:26 UTC 2025
Daily activity on Wed Oct  1 06:23:47 UTC 2025
Daily activity on Thu Oct  2 06:23:13 UTC 2025
Daily activity on Fri Oct  3 06:22:36 UTC 2025
Daily activity on Sat Oct  4 06:20:38 UTC 2025
Daily activity on Sun Oct  5 06:20:43 UTC 2025
Daily activity on Mon Oct  6 06:24:20 UTC 2025
Daily activity on Tue Oct  7 06:23:27 UTC 2025
Daily activity on Wed Oct  8 06:23:54 UTC 2025
Daily activity on Thu Oct  9 06:24:06 UTC 2025
Daily activity on Fri Oct 10 06:23:53 UTC 2025
Daily activity on Sat Oct 11 06:20:51 UTC 2025
Daily activity on Sun Oct 12 06:20:55 UTC 2025
Daily activity on Mon Oct 13 06:25:42 UTC 2025
Daily activity on Tue Oct 14 06:23:54 UTC 2025
Daily activity on Wed Oct 15 06:24:14 UTC 2025
Daily activity on Thu Oct 16 06:24:06 UTC 2025
Daily activity on Fri Oct 17 06:23:04 UTC 2025
Daily activity on Sat Oct 18 06:21:08 UTC 2025
Daily activity on Sun Oct 19 06:22:15 UTC 2025
Daily activity on Mon Oct 20 06:24:42 UTC 2025
Daily activity on Tue Oct 21 06:24:17 UTC 2025
Daily activity on Wed Oct 22 06:25:09 UTC 2025
Daily activity on Thu Oct 23 06:24:21 UTC 2025
Daily activity on Fri Oct 24 06:23:18 UTC 2025
Daily activity on Sat Oct 25 06:21:21 UTC 2025
Daily activity on Sun Oct 26 06:21:52 UTC 2025
Daily activity on Mon Oct 27 06:27:10 UTC 2025
Daily activity on Tue Oct 28 06:25:31 UTC 2025
Daily activity on Wed Oct 29 06:25:43 UTC 2025
Daily activity on Thu Oct 30 06:24:13 UTC 2025
Daily activity on Fri Oct 31 06:24:33 UTC 2025
Daily activity on Sat Nov  1 06:21:40 UTC 2025
Daily activity on Sun Nov  2 06:23:05 UTC 2025
Daily activity on Mon Nov  3 06:26:09 UTC 2025
Daily activity on Tue Nov  4 06:25:24 UTC 2025
Daily activity on Wed Nov  5 06:25:05 UTC 2025
Daily activity on Thu Nov  6 06:25:17 UTC 2025
Daily activity on Fri Nov  7 06:25:00 UTC 2025
Daily activity on Sat Nov  8 06:21:55 UTC 2025
Daily activity on Sun Nov  9 06:22:28 UTC 2025
Daily activity on Mon Nov 10 06:27:00 UTC 2025
Daily activity on Tue Nov 11 06:25:26 UTC 2025
Daily activity on Wed Nov 12 06:25:21 UTC 2025
Daily activity on Thu Nov 13 06:25:33 UTC 2025
Daily activity on Fri Nov 14 06:25:15 UTC 2025
Daily activity on Sat Nov 15 06:22:49 UTC 2025
Daily activity on Sun Nov 16 06:22:59 UTC 2025
Daily activity on Mon Nov 17 06:26:12 UTC 2025
Daily activity on Tue Nov 18 06:24:42 UTC 2025
Daily activity on Wed Nov 19 06:24:24 UTC 2025
Daily activity on Thu Nov 20 06:24:39 UTC 2025
Daily activity on Fri Nov 21 06:26:21 UTC 2025
Daily activity on Sat Nov 22 06:22:10 UTC 2025
Daily activity on Sun Nov 23 06:23:20 UTC 2025
Daily activity on Mon Nov 24 06:26:31 UTC 2025
Daily activity on Tue Nov 25 06:26:34 UTC 2025
Daily activity on Wed Nov 26 06:26:18 UTC 2025
Daily activity on Thu Nov 27 06:26:38 UTC 2025
Daily activity on Fri Nov 28 06:26:18 UTC 2025
Daily activity on Sat Nov 29 06:23:54 UTC 2025
Daily activity on Sun Nov 30 06:24:43 UTC 2025
Daily activity on Mon Dec  1 06:28:18 UTC 2025
Daily activity on Tue Dec  2 06:27:21 UTC 2025
Daily activity on Wed Dec  3 06:26:46 UTC 2025
Daily activity on Thu Dec  4 06:26:54 UTC 2025
Daily activity on Fri Dec  5 06:26:40 UTC 2025
Daily activity on Sat Dec  6 06:23:44 UTC 2025
Daily activity on Sun Dec  7 06:23:27 UTC 2025
Daily activity on Mon Dec  8 06:29:12 UTC 2025
Daily activity on Tue Dec  9 06:27:38 UTC 2025
Daily activity on Wed Dec 10 06:28:05 UTC 2025
Daily activity on Thu Dec 11 06:28:39 UTC 2025
Daily activity on Fri Dec 12 06:27:56 UTC 2025
Daily activity on Sat Dec 13 06:24:51 UTC 2025
Daily activity on Sun Dec 14 06:24:54 UTC 2025
Daily activity on Mon Dec 15 06:30:01 UTC 2025
Daily activity on Tue Dec 16 06:28:16 UTC 2025
Daily activity on Wed Dec 17 06:27:46 UTC 2025
Daily activity on Thu Dec 18 06:27:54 UTC 2025
Daily activity on Fri Dec 19 06:27:17 UTC 2025
Daily activity on Sat Dec 20 06:25:31 UTC 2025
Daily activity on Sun Dec 21 06:25:35 UTC 2025
Daily activity on Mon Dec 22 06:29:39 UTC 2025
Daily activity on Tue Dec 23 06:28:28 UTC 2025
Daily activity on Wed Dec 24 06:28:34 UTC 2025
Daily activity on Thu Dec 25 06:27:54 UTC 2025
Daily activity on Fri Dec 26 06:27:22 UTC 2025
Daily activity on Sat Dec 27 06:25:56 UTC 2025
Daily activity on Sun Dec 28 06:26:28 UTC 2025
Daily activity on Mon Dec 29 06:29:43 UTC 2025
Daily activity on Tue Dec 30 06:28:00 UTC 2025
Daily activity on Wed Dec 31 06:28:14 UTC 2025
Daily activity on Thu Jan  1 06:28:10 UTC 2026
Daily activity on Fri Jan  2 06:28:31 UTC 2026
Daily activity on Sat Jan  3 06:26:21 UTC 2026
Daily activity on Sun Jan  4 06:26:38 UTC 2026
Daily activity on Mon Jan  5 06:34:03 UTC 2026
Daily activity on Tue Jan  6 06:29:02 UTC 2026
Daily activity on Wed Jan  7 06:28:33 UTC 2026
Daily activity on Thu Jan  8 06:29:19 UTC 2026
Daily activity on Fri Jan  9 06:28:34 UTC 2026
Daily activity on Sat Jan 10 06:25:46 UTC 2026
Daily activity on Sun Jan 11 06:27:21 UTC 2026
Daily activity on Mon Jan 12 06:31:24 UTC 2026
Daily activity on Tue Jan 13 06:28:42 UTC 2026
Daily activity on Wed Jan 14 06:28:37 UTC 2026
Daily activity on Thu Jan 15 06:28:13 UTC 2026
Daily activity on Fri Jan 16 06:29:11 UTC 2026
Daily activity on Sat Jan 17 06:26:01 UTC 2026
Daily activity on Sun Jan 18 06:26:46 UTC 2026
Daily activity on Mon Jan 19 06:33:22 UTC 2026
Daily activity on Tue Jan 20 06:30:43 UTC 2026
Daily activity on Wed Jan 21 06:31:36 UTC 2026
Daily activity on Thu Jan 22 06:29:35 UTC 2026
Daily activity on Fri Jan 23 06:29:51 UTC 2026
Daily activity on Sat Jan 24 06:26:53 UTC 2026
Daily activity on Sun Jan 25 06:27:07 UTC 2026
Daily activity on Mon Jan 26 06:32:05 UTC 2026
Daily activity on Tue Jan 27 06:29:50 UTC 2026
Daily activity on Wed Jan 28 06:31:13 UTC 2026
Daily activity on Thu Jan 29 06:41:24 UTC 2026
Daily activity on Fri Jan 30 06:42:41 UTC 2026
Daily activity on Sat Jan 31 06:34:10 UTC 2026
Daily activity on Sun Feb  1 06:43:45 UTC 2026
Daily activity on Mon Feb  2 06:58:18 UTC 2026
